{"cameraMode":{"drawMode":0,"name":"Shaded","section":"Shading Mode"},"sceneLighting":true,"audioPlay":false,"sceneViewState":{"showFog":true,"showMaterialUpdate":false,"showSkybox":true,"showFlares":true,"showImageEffects":true,"showParticleSystems":true,"showVisualEffectGraphs":true,"m_FxEnabled":true},"in2DMode":false,"pivot":{"x":-1.7215971946716309,"y":0.6123115420341492,"z":1.604069471359253},"rotation":{"x":-0.007601222954690456,"y":0.46951228380203249,"z":-0.005537687800824642,"w":-0.8831275701522827},"size":1.870671033859253,"orthographic":false}