{"cameraMode":{"drawMode":0,"name":"Shaded","section":"Shading Mode"},"sceneLighting":false,"audioPlay":false,"sceneViewState":{"showFog":true,"showMaterialUpdate":false,"showSkybox":false,"showFlares":true,"showImageEffects":true,"showParticleSystems":true,"showVisualEffectGraphs":true,"m_FxEnabled":true},"in2DMode":false,"pivot":{"x":0.060417771339416507,"y":0.3315638303756714,"z":6.384890556335449},"rotation":{"x":0.04275371506810188,"y":0.9416260719299316,"z":-0.1310730278491974,"w":0.30714190006256106},"size":1.4660253524780274,"orthographic":false}