{"cameraMode":{"drawMode":0,"name":"Shaded","section":"Shading Mode"},"sceneLighting":false,"audioPlay":false,"sceneViewState":{"showFog":true,"showMaterialUpdate":false,"showSkybox":false,"showFlares":true,"showImageEffects":true,"showParticleSystems":true,"showVisualEffectGraphs":true,"m_FxEnabled":true},"in2DMode":false,"pivot":{"x":-0.07792924344539643,"y":0.023701053112745286,"z":-0.09288088232278824},"rotation":{"x":0.14292339980602265,"y":-0.585705041885376,"z":0.10586278140544892,"w":0.7907751798629761},"size":0.1424327790737152,"orthographic":false}